<?xml version="1.0" encoding="utf-8"?>
<ApplicationInstallerManifest>
   <DefaultInstallationDirectory>/Applications/SleepMat/</DefaultInstallationDirectory>
   <ApplicationName>SleepMat</ApplicationName>
   <ExecutableName>application/SleepMat.exe</ExecutableName>
   <GUID>12e41eb3-9981-484a-9657-9916832033c9</GUID>
   <ApplicationIcon>default_icon_48.png</ApplicationIcon>
   <Logo>default_logo.png</Logo>
   <Version>2022.1</Version>
   <InstallationNotes>In the following directions, replace MR/v910 by the directory on the target machine where MATLAB is installed, or MR by the directory where the MATLAB Runtime is installed.

If the environment variable DYLD_LIBRARY_PATH is undefined, set it to the following string:

MR/v910/runtime/maci64:MR/v910/sys/os/maci64:MR/v910/bin/maci64

If it is defined, set it to the following:

${DYLD_LIBRARY_PATH}:MR/v910/runtime/maci64:MR/v910/sys/os/maci64:MR/v910/bin/maci64
</InstallationNotes>
   <WelcomePanelText>SleepMat 2022.1</WelcomePanelText>
   <MCRProducts>
      <MCRProduct>
         <ExternalProductIdentifier>35000</ExternalProductIdentifier>
      </MCRProduct>
      <MCRProduct>
         <ExternalProductIdentifier>35010</ExternalProductIdentifier>
      </MCRProduct>
      <MCRProduct>
         <ExternalProductIdentifier>35119</ExternalProductIdentifier>
      </MCRProduct>
   </MCRProducts>
</ApplicationInstallerManifest>