<?xml version="1.0" encoding="utf-8"?>
<productAdditionalComps>
   <dependsOn>
      <component>
         <name>SleepMat</name>
         <locale/>
         <platformList>
            <platform>maci64</platform>
         </platformList>
         <version>2022.1</version>
      </component>
   </dependsOn>
   <isControllingProduct>true</isControllingProduct>
   <platform>maci64</platform>
   <productName>SleepMat</productName>
   <productNumber>5000</productNumber>
   <productBaseCode>SleepMat</productBaseCode>
   <productVersion>2022.1</productVersion>
   <releaseFamily>R2021a</releaseFamily>
   <releaseDescription>R2021a</releaseDescription>
</productAdditionalComps>